"play_key","run_dist","OF_dist","run_speed","top_speed","OF_momentum_home","OF_momentum_side","score_chance","safe_out","def_safe"
"y1_d071_ACN_QEA_107",95.81453707,389.3999047,29.46964041,29.4700328,-5.01894433,2.000697302,1,1,1
"y1_d053_APZ_QEA_122",102.0181251,391.4980425,25.64072818,28.495261,-9.246043573,1.836387293,1,1,1
"y1_d053_APZ_QEA_227",85.6451332,315.7710064,25.89982769,27.48435562,4.885470014,10.84878109,1,1,1
"y1_d054_APZ_QEA_163",168.0418472,335.17705,26.41714179,26.94013999,-29.05003582,0.2839425,1,1,1
"y1_d055_APZ_QEA_199",112.8825637,333.6892202,27.20673827,28.3617086,0.821166881,7.611389331,1,1,1
"y1_d001_CGA_QEA_108",131.8667285,351.4199894,26.52077171,29.16594428,-3.074556257,5.725604054,1,1,1
"y1_d004_CGA_QEA_160",129.8076839,350.3208229,25.23543113,30.18256023,4.737286068,15.35843935,1,1,1
"y1_d088_CRQ_QEA_271",112.5254247,387.3870816,27.395568,28.03242607,-3.744543614,4.44277539,1,1,1
"y1_d089_CRQ_QEA_50",139.6514572,359.0066051,23.97553601,26.75370602,1.074232321,0.511823448,0.9,1,0
"y1_d089_CRQ_QEA_220",119.5719766,383.1552165,24.71596398,25.78225356,-1.763706171,1.602872154,1,1,1
"y1_d079_FBP_QEA_89",124.0381611,383.1674685,27.43103464,29.60182529,-5.954723811,10.92724612,1,1,1
"y1_d081_FBP_QEA_68",96.76222014,247.7812214,26.77185393,29.69923423,11.09062531,7.193401615,1,1,1
"y1_d068_OWH_QEA_31",58.59433866,319.0986551,23.88484034,28.45321775,-6.060812336,3.636948961,1,1,1
"y1_d016_OXG_QEA_47",120.1447507,387.8529147,25.96272332,28.50933344,-4.689126825,2.095799154,1,1,1
"y1_d016_OXG_QEA_119",150.8976873,280.1889026,25.37204849,29.28588261,11.18242354,7.991646378,0,0,0
"y1_d019_OXG_QEA_319",112.0090544,344.9395845,25.78731609,25.81643699,-2.73929154,2.248909243,1,1,1
"y1_d056_OXG_QEA_64",107.5812577,378.4560488,24.72621959,25.76580136,-10.01455161,4.786057557,1,1,1
"y1_d057_OXG_QEA_21",140.1231461,386.4741088,25.63570221,26.63847785,-6.434137851,3.916549935,1,1,1
"y1_d057_OXG_QEA_169",136.7830391,348.6118349,23.83606385,25.09599133,-5.059169136,2.021529334,1,1,1
"y1_d057_OXG_QEA_245",95.89598939,297.7402952,23.95635952,26.27264056,-8.567741866,1.000676967,1,1,1
"y1_d057_OXG_QEA_261",93.98829779,346.1367801,23.98059662,25.26631118,3.442140027,8.957580249,1,1,1
"y1_d058_OXG_QEA_29",80.95235923,363.3038933,26.46831329,28.35927265,-3.485070004,5.672351688,1,1,1
"y1_d058_OXG_QEA_88",149.068424,344.7052534,26.6857333,28.48904107,-3.20074176,19.13549977,1,1,1
"y1_d031_REC_QEA_63",72.32457639,217.2913938,22.35841237,25.47694346,13.65268889,8.536876025,1,1,1
"y1_d031_REC_QEA_214",127.8054334,369.7205816,23.43831525,24.75999302,1.023360968,10.86614354,1,1,1
"y1_d033_REC_QEA_53",83.22813609,309.2774879,24.03075973,26.34276989,-5.127772215,1.462829419,1,1,1
"y1_d050_STK_QEA_145",103.8297862,375.2420724,26.77985834,26.80668143,-4.767204493,4.262823595,1,1,1
"y1_d043_WJU_QEA_31",141.530104,372.7231668,27.58074064,28.96029467,-15.268451,17.1575593,1,1,1
"y1_d043_WJU_QEA_277",147.9855006,327.2659372,23.96109793,26.83238906,-18.74394594,3.381399837,1,1,1
"y1_d046_WJU_QEA_47",142.2087493,371.0690978,24.77449593,26.91545051,-3.321161412,4.5222234,1,1,1
"y1_d096_XAX_QEA_82",93.31696812,369.9226849,27.20128941,27.20128941,-8.1369373,11.46755846,1,1,1
"y1_d096_XAX_QEA_251",130.5674582,378.5274308,25.00247631,27.44832648,-3.601213216,0.680130262,1,1,1
"y2_d001_BEJ_RZQ_41",101.1743267,301.1362839,28.87793747,29.83276525,7.981770611,7.679737312,1,1,1
"y2_d011_BVD_RZQ_154",86.48504598,295.5694475,26.44950179,27.6707711,-8.256891122,4.768987742,1,1,1
"y2_d011_BVD_RZQ_194",113.7609645,394.5691,26.40747874,30.57988461,1.018051569,4.786544123,1,1,1
"y2_d022_DMS_RZQ_50",104.5760673,303.3903735,25.81110937,26.22835959,1.818301053,11.77662873,1,1,1
"y1_d091_DYE_RZQ_12",149.7352835,395.922715,27.45570426,30.17314448,4.750464968,2.207657443,1,1,1
"y1_d091_DYE_RZQ_270",122.2072248,371.2281468,27.61401852,28.58160657,-10.21657751,7.251323837,1,1,1
"y1_d092_DYE_RZQ_268",113.9958745,277.5838232,25.94554044,28.18499119,3.573194384,0.529000086,0.2,0,0
"y2_d006_DYE_RZQ_132",109.3147258,303.4026203,25.9516925,27.41860706,2.154414219,9.454398591,1,1,1
"y2_d050_DYE_RZQ_66",81.13732185,338.7890623,29.98198375,31.1328854,-1.210919497,13.00243002,1,1,1
"y2_d050_DYE_RZQ_146",116.0195529,311.5277107,28.50709734,30.77507414,-1.203147859,2.150938639,1,1,1
"y2_d017_GIS_RZQ_186",117.7626636,298.2380581,28.30752071,28.36946799,-3.306360026,5.164892047,1,1,1
"y1_d063_HCI_RZQ_105",111.3226142,350.7315756,26.84462006,29.95445137,-2.117459409,11.10050042,1,1,1
"y2_d065_HKR_RZQ_78",102.0057383,304.4076616,27.36375556,28.03113166,-0.768685597,5.237056117,1,1,1
"y2_d067_HKR_RZQ_7",81.39328154,357.6521602,24.15412277,30.08008719,-5.920633277,7.525378175,1,1,1
"y2_d056_IAK_RZQ_138",102.8029842,305.3867066,27.69131389,29.27190223,0.170113461,0.854317418,1,1,1
"y2_d056_IAK_RZQ_233",121.0671318,347.1822224,29.1961494,30.65418533,-8.39024634,2.199203938,1,1,1
"y2_d057.5_IAK_RZQ_34",135.7974778,347.9084879,24.45658134,27.83301062,2.643766124,0.75516671,0.8,1,0
"y1_d025_JIL_RZQ_70",119.2693906,346.4269899,26.98949196,28.39360799,3.965989495,15.42573928,1,1,1
"y1_d025_JIL_RZQ_82",126.9322706,340.3497795,27.55168124,29.92944634,-0.911451717,8.036913933,1,1,1
"y1_d025_JIL_RZQ_187",119.0521671,362.4418125,26.15692326,28.00555386,-8.12510709,6.08158218,1,1,1
"y1_d027_JIL_RZQ_236",157.9074705,348.9808872,25.09806232,28.97316636,-15.17654518,5.787999082,0.3,0,0
"y1_d050_JZK_RZQ_114",114.2311679,290.9483105,26.68289153,29.36510392,-2.124239026,4.070579905,1,1,1
"y1_d050_JZK_RZQ_266",117.4922496,339.3039993,22.14654385,28.72349836,-2.302167077,6.732463115,1,1,1
"y1_d058_KJH_RZQ_18",132.989325,358.4782003,27.43728407,28.32711516,-10.95777814,7.946983285,1,1,1
"y1_d058_KJH_RZQ_308",136.3881284,364.4946079,27.2511666,29.98784805,-22.07880052,3.512162701,1,1,1
"y1_d006_MCJ_RZQ_322",155.3568894,322.6471839,24.7029178,26.94362448,-12.03227433,10.59890952,0,0,0
"y1_d008_MCJ_RZQ_19",123.5471068,326.204893,26.19933131,28.79623032,-5.080295602,7.601630941,1,1,1
"y2_d078_MGJ_RZQ_16",111.2942928,338.1300045,26.51033125,27.55193637,3.413777471,13.28417536,1,1,1
"y1_d046_MHY_RZQ_111",125.3526974,317.123441,27.8267616,29.74707784,1.076866004,0.184170383,1,1,1
"y1_d046_MHY_RZQ_155",144.4483132,380.2035546,25.70429502,30.31114091,-10.18223822,13.19783843,1,1,1
"y1_d046_MHY_RZQ_178",86.23161028,347.221222,26.17521136,28.18492582,-2.691095196,0.540975384,1,1,1
"y1_d048_MHY_RZQ_68",93.35983997,301.5414544,23.83205149,28.32436937,20.76708691,3.263570977,1,1,1
"y1_d073_PHS_RZQ_138",129.0401064,323.5143017,27.23995457,28.36582553,2.131698201,17.91215403,1,1,1
"y1_d073_PHS_RZQ_228",128.6372371,302.6366797,27.27964783,27.28274873,-3.460192347,8.332512591,1,1,1
"y2_d094_QZE_RZQ_91",76.77240688,371.9854609,24.70341805,29.3713185,8.161336539,9.28502133,1,1,1
"y2_d094_QZE_RZQ_238",125.1032617,363.4617923,25.43557798,25.8232282,8.051804135,5.588892128,1,1,1
"y2_d094_QZE_RZQ_262",116.4504998,292.7322508,25.65771276,30.46255519,-3.255852339,3.565430514,0.4,0,0
"y2_d094_QZE_RZQ_344",85.38836471,331.1097209,25.18635238,29.9377724,2.00821947,5.748381275,1,1,1
"y2_d068_RDO_RZQ_55",127.2064675,351.3648709,26.58266181,28.430505,-17.76164395,1.19586844,1,1,1
"y2_d069_RDO_RZQ_163",117.0138115,359.7152773,27.68468096,29.56719352,4.270329807,13.15894033,1,1,1
"y2_d009_TSZ_RZQ_56",103.879727,391.8749349,25.06071461,27.37084002,-6.943257776,0.765653927,1,1,1
"y1_d064_UEX_RZQ_30",102.6367632,359.6146589,29.49457346,30.66173185,-11.11436574,2.71757059,1,1,1
"y2_d036_UKI_RZQ_57",38.27609401,274.2601787,24.6907889,28.33852888,9.971371066,12.19496425,1,1,1
"y2_d037_UKI_RZQ_110",118.2909291,356.3912979,26.65483423,28.28797386,21.05685183,1.036055829,1,1,1
"y2_d038_UKI_RZQ_146",99.70624885,354.9228988,29.06246906,30.45172474,-7.83467443,2.910107788,1,1,1
"y1_d094_WNA_RZQ_317",136.4613879,333.8113022,26.18770869,28.30974631,-8.741165209,0.027456736,1,1,1
"y1_d094_WNA_RZQ_339",51.08992682,292.3465538,23.95667901,27.42003248,-1.604165505,0.458542118,1,1,1
"y1_d096_WNA_RZQ_55",133.7064093,351.1750296,27.819893,30.0619576,-13.73883671,3.640389368,1,1,1
"y2_d071_XFE_RZQ_136",113.880342,378.6276535,27.92813659,29.11837213,-8.108825649,6.537874841,1,1,1
"y2_d071_XFE_RZQ_164",126.6671212,385.6085635,27.15038655,28.79308135,-5.911895555,0.812228632,1,1,1
"y1_d083_YJD_RZQ_302",123.2772868,300.3934391,27.29126564,29.90694708,-2.6933102,2.546894392,0.9,1,0
"y1_d085_YJD_RZQ_179",113.7170983,327.8967999,26.27625686,28.94839082,-18.83423728,2.686540985,1,1,1
"y2_d081_YJD_RZQ_154",97.835704,214.5086936,24.01197584,26.7240554,10.91843778,12.46773073,0.8,1,0
"y2_d097_YJD_RZQ_53",130.6857865,371.0058478,27.26887093,30.96167104,-5.32835767,4.543811631,0.4,0,0
"y2_d097_YJD_RZQ_158",119.4877824,307.1555489,25.61913582,25.65482046,3.591155212,6.329041135,0,0,0
"y2_d026_YUH_RZQ_200",142.9024547,341.4105925,26.84372773,29.47948147,3.404253752,4.578125581,0,0,0
"y2_d027_YUH_RZQ_175",92.28423382,378.5018047,26.51622387,29.82803385,-0.600576327,1.519704536,1,1,1
"y1_d024_AKX_YJD_118",115.5666688,390.7126544,27.69312237,28.10498595,-2.487151169,1.847319976,1,1,1
"y1_d024_AKX_YJD_173",118.3617409,307.0560991,26.85295269,31.01003415,6.612444354,16.49979157,1,1,1
"y1_d028_CMS_YJD_112",132.3191514,374.871427,25.01971194,25.0202087,-2.466642033,3.843712346,0.7,1,0
"y1_d030_CMS_YJD_58",121.9272819,376.9851005,25.96370569,28.48697024,-11.41123473,6.095154217,1,1,1
"y1_d030_CMS_YJD_249",105.9214396,314.73265,28.73644928,29.6951878,-7.207731193,5.549950706,1,1,1
"y2_d066_ESW_YJD_247",110.929727,368.9615402,26.37286476,28.28101856,-6.397079843,6.389115413,1,1,1
"y1_d078_GAX_YJD_260",69.73237788,375.0674884,26.4531962,27.565817,1.404118432,9.657213682,1,1,1
"y1_d009_GEA_YJD_44",104.1718753,310.8108091,27.83044634,28.76670325,-0.44114858,4.166449247,1,1,1
"y1_d011_GEA_YJD_208",115.9459957,379.5806309,28.29211109,28.51996344,-1.716675928,4.125779267,1,1,1
"y2_d004_GHD_YJD_165",115.271543,381.7289524,26.58262407,28.75070279,-8.004101908,0.656888924,1,1,1
"y1_d064_IAQ_YJD_248",136.641371,376.1103755,24.28447567,25.22428387,-8.687637946,8.103871181,1,1,1
"y2_d045_IHI_YJD_131",62.63408063,159.6963363,24.57883842,25.87957768,16.47718026,1.963165233,1,1,1
"y2_d046.5_IHI_YJD_188",130.1219678,380.4634406,28.3485909,29.62484273,-11.20760668,6.306686228,1,1,1
"y2_d047_IHI_YJD_38",136.4162843,389.9687775,25.45190753,28.20382401,-6.598779554,2.810088681,0.4,0,0
"y1_d020_JFU_YJD_113",86.87712174,395.8230719,27.08982994,28.34056169,-6.552124707,0.15602378,1,1,1
"y1_d021_JFU_YJD_20",160.5440776,358.0666223,26.65773524,30.49779971,-5.537200229,16.76532031,0,0,0
"y1_d007_JJS_YJD_284",93.52173433,315.4526866,25.16719882,26.53189016,-8.629658329,4.474540264,1,1,1
"y2_d010_JMJ_YJD_172",134.1111057,356.8121042,26.82212724,28.48151514,-7.953492331,1.568944525,1,1,1
"y2_d010_JMJ_YJD_189",122.1841354,311.1055355,26.81026922,27.00349986,1.260564957,1.705202016,1,1,1
"y2_d033_KNB_YJD_21",66.91481796,344.4317675,25.81596263,30.3218324,-0.640738353,14.87748637,1,1,1
"y2_d034_KNB_YJD_171",123.3141506,294.3582787,25.86778689,28.57412147,5.896384534,8.619195462,0.3,0,0
"y1_d094_KQQ_YJD_22",108.3872781,295.5493373,28.35854163,31.63417737,9.887733626,10.64184827,1,1,1
"y1_d095_KQQ_YJD_61",119.1394435,326.5012284,25.94415547,28.91429047,-0.026289336,0.116265691,1,1,1
"y1_d095_KQQ_YJD_100",113.7238404,372.3000385,27.40268388,27.70779402,-5.791173049,7.966118184,1,1,1
"y2_d084_LFS_YJD_340",127.9825331,384.3716416,25.89496745,26.33382737,-12.35505042,4.398789385,1,1,1
"y2_d084_LFS_YJD_365",145.8342273,344.5753221,24.57262272,29.01634276,-11.63820684,0.190872443,1,1,1
"y1_d099_MRJ_YJD_186",91.85352458,386.0031385,27.2096869,27.3855343,-1.803272856,0.242818217,1,1,1
"y1_d099_MRJ_YJD_259",49.83902725,168.8345928,27.15003024,28.36624762,10.29317508,7.497640145,1,1,1
"y1_d100_MRJ_YJD_38",81.45706228,294.7245443,22.8077721,26.92897282,13.87573824,5.344525077,1,1,1
"y1_d100_MRJ_YJD_82",73.98408847,367.9314669,26.28875473,28.68224336,-8.068659922,3.246956597,1,1,1
"y1_d100_MRJ_YJD_155",144.9182101,358.244169,24.91792005,29.80380275,-21.22300285,3.628372556,1,1,1
"y2_d090_NYA_YJD_249",121.3692767,327.9345857,28.05358579,30.16229216,-9.000917829,2.591639922,1,1,1
"y2_d058_POW_YJD_84",132.7346183,326.0531775,27.85296806,29.1516576,8.202785789,4.670063663,1,1,1
"y2_d052_PTB_YJD_126",121.289748,371.6808833,25.31697668,29.95099792,0.552124087,8.967240628,1,1,1
"y2_d052_PTB_YJD_346",53.6541631,325.8910332,26.89298066,32.2128798,0.939529026,10.71767373,1,1,1
"y2_d053_PTB_YJD_270",122.6496872,368.8288247,26.50294264,27.61281772,-4.076667566,9.963021307,1,1,1
"y2_d054_PTB_YJD_185",119.4540668,384.0024973,25.6990878,27.1348539,-2.718800512,1.156831818,1,1,1
"y2_d011_RQJ_YJD_188",108.8683082,311.3112829,26.95754856,28.95009381,2.950431445,4.457438988,1,1,1
"y2_d012_RQJ_YJD_200",118.667628,273.5343228,25.96126316,29.11870877,5.193019453,13.15905317,1,1,1
"y2_d013_RQJ_YJD_44",106.2702984,374.0075651,26.49339681,27.90023769,-2.825072754,0.371648237,1,1,1
"y2_d013_RQJ_YJD_135",113.4779861,375.6981886,27.21532225,27.9351803,-2.723725033,2.041509144,1,1,1
"y2_d013_RQJ_YJD_257",132.9903206,360.561397,25.88537338,30.54874722,-7.279406912,0.219219647,1,1,1
"y2_d043_RZQ_YJD_125",76.72621984,390.4640432,27.16854082,32.02744608,-4.615757705,1.98085405,1,1,1
"y2_d043_RZQ_YJD_307",97.01019347,395.0388949,25.6141602,30.88540195,-4.822552106,3.814406967,1,1,1
"y2_d015_TEQ_YJD_127",94.69888121,374.6431843,26.7887581,27.25899818,14.10088079,6.307236484,1,1,1
"y1_d040_TKJ_YJD_97",141.907995,347.1549303,28.0436448,31.11595114,-9.278182055,11.12328255,1,1,1
"y1_d040_TKJ_YJD_176",137.468331,399.24148,28.46460192,29.14345733,-7.471882938,2.556151068,1,1,1
"y1_d041_TKJ_YJD_134",150.0221904,380.1502832,26.70014168,29.98393952,6.841645941,3.766620641,1,1,1
"y1_d042_TKJ_YJD_82",155.7519585,306.1478939,25.71486059,31.5440997,-9.316058885,18.84881282,0.1,0,0
"y1_d048_UPU_YJD_74",104.7107118,329.1039983,28.38336408,30.76314458,-13.0566949,2.297288702,1,1,1
"y1_d048_UPU_YJD_237",111.6544583,378.2275738,27.23740104,29.201629,-7.299920917,8.922312028,1,1,1
"y1_d049_UPU_YJD_129",134.9688632,287.1826634,25.96671747,28.36973714,-7.000522582,17.26206452,0.3,0,0
"y1_d050_UPU_YJD_186",159.089975,363.0284471,27.10093822,29.25882191,-5.301180057,0.331936811,1,1,1
"y1_d073_UWE_YJD_202",108.9685017,322.9333195,28.50850184,31.80051564,-3.970815808,6.122686713,1,1,1
"y1_d074_UWE_YJD_49",133.6621077,377.5461371,25.13820364,26.17584206,-3.840671005,0.945390773,1,1,1
"y2_d074.5_VZE_YJD_53",107.1076279,315.7333871,27.68861085,28.41714807,-7.11432574,4.577046871,1,1,1
"y2_d074.5_VZE_YJD_76",131.2519323,373.8711395,26.81439117,28.67050402,-1.415749171,7.327002266,1,1,1
"y2_d074.5_VZE_YJD_111",88.29011376,387.5969425,25.34986725,28.66936619,-6.652758906,5.053061106,1,1,1
"y2_d075_VZE_YJD_41",92.93899498,271.4307211,25.73636731,28.8991867,9.421396043,6.210853204,1,1,1
"y2_d083_WMI_YJD_56",115.4959224,311.5177525,27.06008244,31.26604678,-2.070423234,9.41627109,0.2,0,0
"y2_d083_WMI_YJD_228",127.726417,389.2611668,27.81962894,28.35546897,-7.045418195,3.03917062,1,1,1
"y1_d056_WZR_YJD_36",43.38818368,290.3444849,23.74386149,26.51011543,13.99177065,5.629949623,1,1,1
"y1_d056_WZR_YJD_207",47.59905241,367.851236,24.94680131,29.37262699,5.630424224,6.297126553,1,1,1
"y1_d070_ACN_QEA_118",114.9973981,285.6622039,24.17206644,26.09164678,4.093971954,13.26493635,1,1,1
"y1_d070_ACN_QEA_282",45.82025762,348.3978783,24.50360815,25.07060337,-1.642431573,17.94556408,1,1,1
"y1_d072_ACN_QEA_81",67.42293951,256.6582358,23.91732659,26.92747425,23.54109188,3.2156476,1,1,1
"y1_d052_APZ_QEA_304",73.48888992,311.9742649,17.85272877,24.03961214,2.324279885,2.929336603,1,1,1
"y1_d052_APZ_QEA_340",98.90862882,257.8726518,27.35701043,29.16314932,17.79341708,4.123524409,1,1,1
"y1_d053_APZ_QEA_221",65.34193261,363.1241541,21.39222232,25.35241679,-9.858599459,13.61607047,1,1,1
"y1_d053_APZ_QEA_223",73.90497475,296.7887081,22.19686857,27.64154253,6.92197006,6.741996817,1,1,1
"y1_d054_APZ_QEA_7",72.20894899,275.825259,25.18467743,27.78517989,3.217131371,12.43615308,1,1,1
"y1_d054_APZ_QEA_107",105.7301436,267.6406694,23.69872876,24.42153113,8.696922265,0.115718983,0.1,0,0
"y1_d054_APZ_QEA_116",84.0936774,264.5090103,23.93509683,26.26097613,18.30972114,1.548883697,1,1,1
"y1_d054_APZ_QEA_163",121.5144299,335.17705,14.30156341,25.15964015,-29.05003582,0.2839425,1,1,1
"y1_d055_APZ_QEA_184",44.84344021,398.4127466,20.03345934,24.16617985,-4.223107426,2.440384738,1,1,1
"y1_d001_CGA_QEA_41",97.52622974,309.1142793,22.54860236,25.22761171,1.112036375,21.21365654,1,1,1
"y1_d001_CGA_QEA_108",92.17896689,351.4199894,23.19477331,25.69344356,-3.074556257,5.725604054,1,1,1
"y1_d001_CGA_QEA_200",80.89278785,224.0608608,25.53334436,27.33453479,19.42120744,7.265610952,1,1,1
"y1_d001_CGA_QEA_216",63.61291763,309.2169502,26.14617888,28.22524286,-9.192371297,20.16658978,1,1,1
"y1_d001_CGA_QEA_271",87.9141667,239.2414713,22.63461189,27.79746102,15.83446048,1.256246047,1,1,1
"y1_d002_CGA_QEA_92",97.62756115,309.7801691,1.733051159,25.2213505,-5.87825937,6.97213397,1,1,1
"y1_d003_CGA_QEA_193",102.4130392,335.1199506,20.27988458,24.43390897,0.757751302,22.26591283,1,1,1
"y1_d003_CGA_QEA_277",100.4250757,255.886658,24.01233898,26.77849234,7.78828106,19.27749702,1,1,1
"y1_d004_CGA_QEA_106",88.27715633,297.9207417,21.38124401,23.05549233,-15.03050334,9.244759399,1,1,1
"y1_d004_CGA_QEA_160",101.8127029,350.3208229,26.52878022,27.80801835,4.737286068,15.35843935,1,1,1
"y1_d004_CGA_QEA_262",62.06646992,260.2624053,23.07789763,23.79258334,16.02563271,1.469022759,1,1,1
"y1_d088_CRQ_QEA_104",104.0512262,243.5352192,25.18908956,26.31774217,16.11433191,4.802724958,1,1,1
"y1_d088_CRQ_QEA_231",68.09905852,302.3814931,23.60228494,28.27669562,-0.051850284,6.840399385,1,1,1
"y1_d089_CRQ_QEA_249",92.71847618,277.9969822,25.29577663,27.62649315,12.18162634,10.02934234,1,1,1
"y1_d080_FBP_QEA_54",70.36411822,268.8687374,23.50711959,26.26587427,7.593681639,18.74228078,1,1,1
"y1_d080_FBP_QEA_73",61.39309832,297.5269227,20.9673258,22.58205253,-7.794506484,11.94124411,1,1,1
"y1_d080_FBP_QEA_75",35.97695987,384.5290259,15.94137172,24.95634723,-9.644221912,5.381385111,1,1,1
"y1_d081_FBP_QEA_23",64.57991497,311.9115615,25.87568837,27.30678992,-1.117247924,1.335570828,1,1,1
"y1_d082_FBP_QEA_42",51.15636484,188.0650195,23.53946719,24.81331369,13.48812232,4.642581018,1,1,1
"y1_d082_FBP_QEA_71",60.2725895,237.6461889,23.96719896,27.32154854,13.99745431,8.588646047,1,1,1
"y1_d082_FBP_QEA_75",78.6453482,224.076631,24.00960924,26.47451651,19.79205522,0.476702126,1,1,1
"y1_d082_FBP_QEA_259",72.74886288,279.4469749,24.42005323,28.34814494,2.78904723,9.402620319,1,1,1
"y1_d014_IXC_QEA_36",95.45012287,279.8065015,26.94419323,30.9461383,12.82090277,6.161562,1,1,1
"y1_d014_IXC_QEA_42",97.70662252,237.0269335,26.9470876,27.5763188,17.25352146,0.943544214,1,1,1
"y1_d014_IXC_QEA_45",114.31051,277.2560986,23.58579978,26.18079429,17.07246461,6.594888237,1,1,1
"y1_d014_IXC_QEA_85",79.79584967,258.3926487,25.75248879,28.55148979,16.793344,14.43052496,1,1,1
"y1_d014_IXC_QEA_285",40.91947967,387.1746761,18.52812408,26.33179078,-16.53351717,1.50276536,1,1,1
"y1_d014_IXC_QEA_289",69.59793116,286.6878799,25.46314478,26.88154181,8.642728416,11.58886449,1,1,1
"y1_d015_IXC_QEA_40",83.13454358,271.0416728,25.66879091,27.6616807,10.60677043,8.459639645,1,1,1
"y1_d059_JNJ_QEA_114",77.97023777,286.4439222,22.51480045,26.53426876,15.72084505,10.09726709,1,1,1
"y1_d059_JNJ_QEA_126",103.7344708,346.000887,17.78600857,26.21961361,-6.781693435,7.3320436,1,1,1
"y1_d066_OWH_QEA_32",28.78490042,367.8319302,21.10314269,24.80031242,-4.608521126,1.021629715,1,1,1
"y1_d066_OWH_QEA_85",87.29438131,260.9770418,24.11592869,24.63928749,4.33119795,12.82585201,1,1,1
"y1_d066_OWH_QEA_167",95.15108847,281.7157166,23.60893691,23.73469933,-6.587916838,17.76422614,1,1,1
"y1_d066_OWH_QEA_262",103.151495,279.5648544,25.36231146,27.11613698,12.44203605,3.492231999,1,1,1
"y1_d066_OWH_QEA_315",92.68137015,273.2700832,27.15361778,27.84041499,15.87144113,1.521713001,1,1,1
"y1_d067_OWH_QEA_13",88.15993438,257.2779531,25.46556796,27.64883322,17.75951111,3.014984284,1,1,1
"y1_d067_OWH_QEA_225",79.24913767,264.1580378,24.29835575,31.51581574,8.65309689,17.19688659,1,1,1
"y1_d067_OWH_QEA_252",93.32999954,255.3442321,23.25407676,24.86637008,16.60758226,0.087615578,1,1,1
"y1_d068_OWH_QEA_9",112.2090251,284.7085606,23.94300253,26.65195285,6.219871177,8.157685872,1,1,1
"y1_d068_OWH_QEA_29",100.6124513,249.3658899,26.47167713,29.00260289,19.42899589,2.685894944,0.3,0,0
"y1_d068_OWH_QEA_59",99.56483972,274.6081388,23.84264185,26.34399587,13.47270858,2.725864176,1,1,1
"y1_d016_OXG_QEA_70",97.353499,238.5744369,28.49899269,30.03262506,13.71623001,1.23987404,1,1,1
"y1_d016_OXG_QEA_77",56.55569168,263.2821127,21.82618337,23.46989534,4.899137371,8.407008187,1,1,1
"y1_d016_OXG_QEA_130",87.37325528,279.9882204,27.47700265,27.47700265,14.78525173,4.971768561,1,1,1
"y1_d016_OXG_QEA_244",101.7734258,263.6440504,24.46702881,26.79907265,19.9934221,7.948946378,0.8,1,0
"y1_d018_OXG_QEA_92",56.20400369,312.0767444,24.73691533,25.60715972,-1.526082893,9.461548482,1,1,1
"y1_d018_OXG_QEA_99",66.87932636,257.5774821,24.68145675,30.52042786,15.53423654,3.13139599,1,1,1
"y1_d018_OXG_QEA_126",67.93259137,227.5657413,22.39036939,27.26306674,19.39517812,1.793934538,1,1,1
"y1_d018_OXG_QEA_143",77.21317541,362.0519178,16.83847945,23.87123853,-13.87115955,13.6534049,1,1,1
"y1_d018_OXG_QEA_196",112.0392903,280.9550555,26.21362468,26.91922747,10.75651375,10.82815575,1,1,1
"y1_d018_OXG_QEA_315",99.67172125,304.8074149,24.25498053,25.96391951,-7.118860254,11.09131317,1,1,1
"y1_d019_OXG_QEA_128",87.47649715,246.896023,24.41298973,31.17667585,14.04322286,1.576024252,1,1,1
"y1_d019_OXG_QEA_131",37.62069387,231.8499297,24.93021901,26.48756608,14.99217183,6.652751677,1,1,1
"y1_d019_OXG_QEA_180",20.87695021,305.1474745,19.43068022,26.09321923,-15.18866137,0.18923954,1,1,1
"y1_d019_OXG_QEA_206",81.11868159,262.4861157,23.84282541,25.43815219,16.03237997,3.722682281,1,1,1
"y1_d019_OXG_QEA_255",82.71311892,268.7432553,26.93238994,27.77613207,9.274512952,7.566770946,1,1,1
"y1_d056_OXG_QEA_224",97.41101068,259.8581213,26.15757369,29.03857948,9.964243484,7.849108955,1,1,1
"y1_d056_OXG_QEA_265",86.24606138,301.7202022,31.18352575,31.18352575,4.529896657,20.22470788,1,1,1
"y1_d057_OXG_QEA_23",86.89705175,276.4108426,24.99294619,28.2157782,1.878887656,5.125098767,1,1,1
"y1_d057_OXG_QEA_146",87.48275174,250.5025205,24.64582623,25.98722068,21.90987497,2.62022445,0.9,1,0
"y1_d057_OXG_QEA_294",63.61633367,266.3934251,24.27165388,28.76830364,3.354583361,13.16930581,1,1,1
"y1_d057_OXG_QEA_310",93.65051648,261.8559228,21.14860258,23.84624611,3.78736553,2.821312939,1,1,1
"y1_d058_OXG_QEA_219",79.05563596,245.9016625,25.95208573,28.22694661,20.17025456,1.892093152,1,1,1
"y1_d031_REC_QEA_24",47.27838446,265.9714418,21.86959477,21.95593151,9.164624143,0.018366343,1,1,1
"y1_d031_REC_QEA_29",79.72256154,241.3891277,20.97124053,27.28558472,14.51682897,3.640193628,1,1,1
"y1_d031_REC_QEA_200",51.54427913,278.8109439,25.03063826,27.15308687,-4.09729739,12.57853247,1,1,1
"y1_d031_REC_QEA_214",100.2172398,369.7205816,26.09487801,26.33750355,1.023360968,10.86614354,1,1,1
"y1_d033_REC_QEA_253",84.9206052,241.5842696,23.12037383,27.1703119,20.76747724,6.599033387,1,1,1
"y1_d048_STK_QEA_63",58.80482517,312.0386766,22.16911117,24.0370009,7.128995577,8.661140479,1,1,1
"y1_d048_STK_QEA_69",92.82567553,244.7093859,28.77702656,28.88268573,11.7603751,8.423463195,0.2,0,0
"y1_d048_STK_QEA_118",125.0146663,325.0948527,24.70112501,27.09474564,-2.775493675,7.817222229,1,1,1
"y1_d048_STK_QEA_119",77.81841051,326.2576312,19.49873712,21.33578809,-3.416387573,7.302807512,1,1,1
"y1_d048_STK_QEA_162",84.03058355,243.4982267,25.64368322,26.41583139,16.27640372,1.233792385,1,1,1
"y1_d049_STK_QEA_81",96.7141873,250.1093605,26.60200483,28.38181918,17.77195724,0.801834787,1,1,1
"y1_d050_STK_QEA_145",36.73947264,375.2420724,18.4364405,23.12463625,-4.767204493,4.262823595,1,1,1
"y1_d043_WJU_QEA_31",61.65103658,372.7231668,22.09610775,24.46921095,-15.268451,17.1575593,1,1,1
"y1_d044_WJU_QEA_47",66.43875892,336.5262694,17.2516449,22.61158355,-12.5873299,12.5325349,1,1,1
"y1_d044_WJU_QEA_99",104.1799452,275.4798765,25.69933348,29.04995563,15.11292591,14.38020501,1,1,1
"y1_d044_WJU_QEA_239",80.77638974,295.8005742,25.31147775,26.65743031,11.73158623,13.0246014,1,1,1
"y1_d044_WJU_QEA_273",70.29573634,271.1958062,23.7641305,26.72451223,11.42100479,8.159335734,1,1,1
"y1_d044_WJU_QEA_298",84.93295542,283.6964795,26.45840553,26.45900331,9.109200514,16.5227036,1,1,1
"y1_d045_WJU_QEA_16",112.2094863,272.5982849,24.15757844,27.62143633,17.59698863,4.841515119,1,1,1
"y1_d046_WJU_QEA_133",72.78893778,303.2375539,24.83932708,27.59117528,4.242189604,8.685434633,1,1,1
"y1_d096_XAX_QEA_16",102.4697036,265.2629473,25.55146021,26.42743869,16.46919523,7.967825838,0.4,0,0
"y2_d001_BEJ_RZQ_239",82.09587939,227.8516746,23.2714175,26.77151691,21.72764265,6.061412667,0.3,0,0
"y2_d002_BEJ_RZQ_145",75.6436562,232.5614276,26.39296421,28.18146387,18.99384025,0.719908772,1,1,1
"y2_d002_BEJ_RZQ_159",82.34000352,250.890192,23.42784526,29.15153848,14.25919289,6.201774627,1,1,1
"y2_d002_BEJ_RZQ_171",68.880614,218.3948716,26.61290568,27.02827149,14.54953295,9.687723409,1,1,1
"y2_d002_BEJ_RZQ_202",78.41742684,281.9766014,26.24036129,29.65114697,5.967645971,7.969889706,1,1,1
"y2_d002_BEJ_RZQ_231",87.67916413,257.8074544,27.04130053,27.04130053,19.47438584,1.357705331,1,1,1
"y2_d004_BEJ_RZQ_33",56.1548413,269.5685383,22.71096599,24.53148437,-2.110925801,5.376477592,1,1,1
"y2_d004_BEJ_RZQ_96",73.70696056,253.1318446,25.09047838,27.46814905,16.09816342,10.9964151,1,1,1
"y2_d012_BVD_RZQ_266",47.77130501,237.3112134,25.82097145,27.41316417,12.83769857,0.184170457,1,1,1
"y2_d013_BVD_RZQ_80",75.32107395,310.9399141,25.10150329,25.83175889,1.779593004,13.19615471,1,1,1
"y2_d022_DMS_RZQ_51",49.95898043,367.393381,18.10120272,20.81942676,-12.21965419,1.136009384,1,1,1
"y2_d022_DMS_RZQ_103",101.0648506,268.27705,23.89292045,24.83878423,7.816742516,20.04037019,1,1,1
"y1_d010_DYE_RZQ_15",99.56991879,220.4615619,27.39716188,28.35462104,18.63095519,1.605768602,0,0,0
"y1_d010_DYE_RZQ_25",57.77928659,296.9166691,16.43756786,21.91056028,2.786829818,0.099063452,1,1,1
"y1_d010_DYE_RZQ_114",30.38214902,211.6687285,25.00836683,26.20499203,12.03184433,10.33078078,1,1,1
"y1_d010_DYE_RZQ_359",128.3507564,387.7451429,27.0701566,29.19929413,-2.191717431,3.411430601,1,1,1
"y1_d011_DYE_RZQ_28",92.24371967,237.6855763,26.46807127,28.85844949,-2.240929034,2.935724065,1,1,1
"y1_d011_DYE_RZQ_230",81.60017228,274.4306845,26.44839006,28.84385553,2.934736774,15.50008899,1,1,1
"y1_d011_DYE_RZQ_243",95.0320149,262.8833833,24.36191464,29.1240054,13.56011693,12.92781247,0.1,0,0
"y1_d011_DYE_RZQ_287",85.65149941,286.0176967,26.23984174,30.76316811,1.497625642,6.384134961,1,1,1
"y1_d090_DYE_RZQ_103",82.78456612,298.1930835,29.27850061,29.27850061,1.249257998,10.12104475,1,1,1
"y1_d090_DYE_RZQ_194",80.12017642,251.1485607,27.1336393,28.32845107,13.87009212,8.268021616,1,1,1
"y1_d090_DYE_RZQ_199",65.50650125,217.453834,25.81796054,26.59113498,23.0850843,1.896933998,1,1,1
"y1_d091_DYE_RZQ_13",58.12703564,289.1596436,24.19954397,26.63397592,6.699926252,13.29536206,1,1,1
"y1_d091_DYE_RZQ_78",62.51280198,217.8336931,27.69870019,29.29453166,20.04269469,6.038880104,1,1,1
"y1_d091_DYE_RZQ_114",82.71296567,250.3031241,25.13982848,26.77528125,25.89536934,6.10770205,1,1,1
"y1_d091_DYE_RZQ_270",34.94516457,371.2281468,21.27541173,28.92214626,-10.21657751,7.251323837,1,1,1
"y1_d091_DYE_RZQ_324",72.92816797,263.1396894,26.27672123,30.03548718,14.57867374,11.95099261,1,1,1
"y1_d092_DYE_RZQ_21",123.6891191,294.1982391,21.78664423,29.653147,3.444026685,19.2842284,1,1,1
"y1_d092_DYE_RZQ_258",59.15551015,193.0731024,30.15716661,31.13370897,15.84333275,4.254783012,1,1,1
"y2_d005_DYE_RZQ_209",76.63565576,264.0747376,25.51890917,28.7743071,8.887214775,19.16235562,1,1,1
"y2_d048_DYE_RZQ_165",76.76884403,235.1378685,25.52433399,27.98897866,12.4303263,12.26595463,1,1,1
"y2_d050_DYE_RZQ_156",65.61943736,311.2778119,27.37858412,29.28665549,-3.17668587,16.24857796,1,1,1
"y2_d050_DYE_RZQ_283",114.4390441,252.211045,24.62368922,29.90043444,1.798151304,2.924328013,0.2,0,0
"y2_d050_DYE_RZQ_307",55.71095788,262.8407528,24.51864318,26.6220449,2.973726857,2.443405856,1,1,1
"y2_d051_DYE_RZQ_56",66.23719682,341.4202644,19.27080803,23.0240797,0.00191231,3.283340817,1,1,1
"y2_d051_DYE_RZQ_105",64.70367421,251.4192184,25.49175606,29.05040368,24.26602166,5.926964941,1,1,1
"y2_d051_DYE_RZQ_203",63.33128011,250.8886615,23.41739528,24.95928574,9.771517386,10.12321497,1,1,1
"y2_d087_DYE_RZQ_120",73.02719299,305.2501319,25.13932518,28.54798576,-6.626458799,12.57014819,1,1,1
"y2_d088_DYE_RZQ_156",115.0042996,298.6033444,23.46606487,29.5473876,-10.06163131,18.97723884,1,1,1
"y2_d088_DYE_RZQ_164",93.71154647,259.1358111,25.93560661,29.00989956,9.958790261,13.63399052,1,1,1
"y2_d017_GIS_RZQ_119",85.53927924,273.6563153,25.43138267,28.14450162,21.03667487,11.10486338,1,1,1
"y2_d017_GIS_RZQ_122",79.22623275,268.5602877,24.87448389,30.01529299,20.57923127,10.97040483,1,1,1
"y2_d017_GIS_RZQ_141",112.1741414,261.7338451,23.59312697,25.44768476,15.10135718,9.862061842,0,0,0
"y2_d018_GIS_RZQ_91",95.76397641,284.7970521,26.69872026,30.23349254,6.488830197,10.26783806,1,1,1
"y2_d019_GIS_RZQ_59",72.74386489,311.5311502,24.75645779,28.38357222,3.621047719,10.53885378,1,1,1
"y2_d019_GIS_RZQ_287",76.93262263,262.6172002,23.33502429,26.38979537,11.91874074,1.472775062,1,1,1
"y2_d020_GIS_RZQ_135",101.2146356,313.9955533,17.4701828,25.083765,4.123205041,14.22659792,1,1,1
"y2_d020_GIS_RZQ_154",84.40723157,250.386583,26.31329959,27.67852899,14.75062277,8.028606832,1,1,1
"y1_d062_HCI_RZQ_67",78.9675246,375.3987461,22.92773053,25.44570543,-3.245314822,9.898735206,1,1,1
"y1_d063_HCI_RZQ_105",27.42910741,350.7315756,18.70843366,22.61919866,-2.117459409,11.10050042,1,1,1
"y2_d064_HKR_RZQ_58",104.8430583,234.3666739,25.38579747,28.19829394,18.52571884,10.15757467,0,0,0
"y2_d065_HKR_RZQ_239",70.87358906,279.3277779,24.51244924,27.42470921,7.491380787,6.39066567,1,1,1
"y2_d067_HKR_RZQ_4",85.7116973,296.7015308,24.31922529,28.47145105,1.0937038,0.900273669,1,1,1
"y2_d067_HKR_RZQ_7",1.49965319,357.6521602,19.23380728,27.52880607,-5.920633277,7.525378175,1,1,1
"y2_d067_HKR_RZQ_82",48.84585775,305.6248184,23.30920045,26.32041994,-8.654607972,5.185805608,1,1,1
"y1_d036_HMN_RZQ_190",93.63249345,242.8373072,24.35376121,28.40434997,15.10712428,3.02286588,1,1,1
"y1_d037_HMN_RZQ_179",58.93479267,294.3397477,23.94261734,25.40868457,-2.198197442,6.555659467,1,1,1
"y1_d038_HMN_RZQ_236",93.76641677,258.7307355,24.59391938,27.27654621,16.00479917,17.54805458,1,1,1
"y1_d038_HMN_RZQ_273",49.99499596,245.2576218,22.8342144,24.26404784,9.616624886,13.89637301,1,1,1
"y1_d039_HMN_RZQ_39",71.08097961,252.9674547,24.44652491,25.33709645,14.5057536,5.582907328,1,1,1
"y2_d057.5_IAK_RZQ_33",105.2627747,295.4763342,24.36274685,27.11282199,12.15306243,10.77305634,1,1,1
"y2_d057.5_IAK_RZQ_34",34.91477606,347.9084879,24.00503597,29.34405963,2.643766124,0.75516671,1,1,1
"y2_d057.5_IAK_RZQ_38",73.25842469,331.2601374,24.59764309,29.3501357,-3.178307646,14.89770064,1,1,1
"y2_d030_IKJ_RZQ_16",83.29869487,306.752502,26.90380025,27.05278655,0.544779069,17.15235123,1,1,1
"y2_d030_IKJ_RZQ_113",112.0610608,270.6175704,23.74325793,30.0292434,5.192460942,15.8948407,1,1,1
"y2_d030_IKJ_RZQ_125",95.28275955,240.6581591,25.72401639,27.26741604,20.95363635,8.451957174,1,1,1
"y2_d030_IKJ_RZQ_180",81.36013576,235.0761532,25.36868911,27.23074437,19.92809443,0.662097463,0.9,1,0
"y2_d030_IKJ_RZQ_328",45.45871628,323.2914026,23.40970664,28.52908012,-6.214106271,0.171805292,1,1,1
"y2_d031_IKJ_RZQ_192",94.23538797,281.6765972,27.50957002,27.50957002,-4.791407847,20.77334786,1,1,1
"y2_d031_IKJ_RZQ_248",58.88132608,278.9890928,24.95213764,26.3415359,9.726691405,9.903940393,1,1,1
"y1_d025_JIL_RZQ_82",32.94890952,340.3497795,25.34789778,25.40002061,-0.911451717,8.036913933,1,1,1
"y1_d026_JIL_RZQ_33",104.1733435,302.5115107,23.10153583,26.28774315,-16.98662197,17.56711905,1,1,1
"y1_d027_JIL_RZQ_116",33.8364851,296.6411237,26.46732047,27.44257203,-0.900950977,0.962846269,1,1,1
"y1_d049_JZK_RZQ_75",99.86429107,232.3134609,27.6699833,29.9520282,15.06157486,6.503792306,1,1,1
"y1_d049_JZK_RZQ_133",94.57175943,266.7716672,23.92681768,26.56419814,13.83450998,6.473153038,1,1,1
"y1_d049_JZK_RZQ_135",17.86031753,304.3450237,24.38623568,26.46753735,-0.972310484,1.968549904,1,1,1
"y1_d049_JZK_RZQ_184",25.56977742,282.9464257,20.66324392,25.26616381,7.260925008,6.221119262,1,1,1
"y1_d050_JZK_RZQ_140",84.96496811,256.5029661,24.84704197,28.09290104,15.74985635,0.966922897,1,1,1
"y1_d050_JZK_RZQ_159",94.74042547,229.4860211,23.89930154,29.78396807,16.82476679,2.633022646,1,1,1
"y1_d050_JZK_RZQ_266",45.22810906,339.3039993,20.57076864,21.7130267,-2.302167077,6.732463115,1,1,1
"y1_d051_JZK_RZQ_160",87.93647443,264.5348963,25.45035961,30.73308809,10.05674317,0.086171159,1,1,1
"y1_d051_JZK_RZQ_264",62.48207746,226.5423578,25.89381762,30.39713874,19.63271499,6.110853901,1,1,1
"y2_d062_KIR_RZQ_106",87.79108353,238.3476387,26.18251368,29.64996694,16.17969219,6.869489965,1,1,1
"y2_d063_KIR_RZQ_133",87.23197606,280.0937005,22.0403534,28.62565133,20.15435992,9.757528756,1,1,1
"y2_d063_KIR_RZQ_201",69.67290546,249.0577672,24.39418271,27.09329435,24.53583881,0.050306569,1,1,1
"y2_d063_KIR_RZQ_225",68.00470729,276.2318185,24.25119037,25.23678684,2.32929859,11.08488869,1,1,1
"y2_d063_KIR_RZQ_303",85.90860254,256.5285961,25.49301432,27.11345321,9.459255728,7.721452972,1,1,1
"y1_d056_KJH_RZQ_250",33.61092598,263.2902222,22.13049585,24.86354061,0.279281018,7.476345478,1,1,1
"y1_d057_KJH_RZQ_273",79.88196809,315.5944751,23.74143721,26.89594215,-7.810000597,15.63629341,1,1,1
"y1_d057_KJH_RZQ_307",79.63165562,279.7898561,24.41330911,25.03265525,11.14992528,12.05778321,1,1,1
"y1_d058_KJH_RZQ_224",101.246544,302.7005906,19.30377012,25.1646309,-3.01495221,0.118570194,1,1,1
"y1_d058_KJH_RZQ_268",64.87603708,347.2838405,23.86363101,26.24735409,-19.50196568,14.21452219,1,1,1
"y1_d058_KJH_RZQ_308",73.18810536,364.4946079,19.49392284,24.73858428,-22.07880052,3.512162701,1,1,1
"y1_d006_MCJ_RZQ_104",102.6000426,254.2879982,28.27689355,30.53108352,14.67549557,15.30021562,1,1,1
"y1_d006_MCJ_RZQ_163",56.87413949,262.5878253,25.46568602,27.03270814,5.422668489,7.8136783,1,1,1
"y1_d007_MCJ_RZQ_72",101.8680988,264.5407792,24.6020339,29.39976687,13.53520509,4.558963132,1,1,1
"y1_d008_MCJ_RZQ_264",111.0263274,239.889215,24.81399657,27.65319537,16.73640122,5.940576567,1,1,1
"y1_d008_MCJ_RZQ_269",35.79018699,353.9227973,20.95248,23.71199704,-2.652079424,4.675913362,1,1,1
"y2_d077_MGJ_RZQ_71",36.76293575,220.9622791,23.99385335,26.73345972,10.99742643,2.538171427,1,1,1
"y2_d077_MGJ_RZQ_109",48.71927007,266.1712064,23.10641618,27.64843083,-7.976214349,1.66166593,1,1,1
"y2_d077_MGJ_RZQ_179",70.32606729,325.1813216,22.33423232,27.23442494,-16.24090728,11.78611142,1,1,1
"y2_d077_MGJ_RZQ_184",61.82237242,206.5099179,22.89738232,29.23908881,15.27748102,15.50355571,1,1,1
"y2_d077_MGJ_RZQ_200",84.56743641,231.2885103,23.37548791,27.98163388,19.53362999,1.158263206,1,1,1
"y2_d077_MGJ_RZQ_240",86.62085454,251.4052469,23.23811462,25.41902546,16.05176889,0.228283488,1,1,1
"y2_d078_MGJ_RZQ_13",81.92954842,240.9416504,28.40576652,29.91770754,21.64116864,2.954516246,1,1,1
"y1_d045_MHY_RZQ_125",93.13885678,266.1074024,29.0236803,29.0236803,13.1128827,6.530239087,1,1,1
"y1_d045_MHY_RZQ_277",54.85532996,320.9353448,20.34823353,24.36841768,11.60372103,3.593102242,1,1,1
"y1_d046_MHY_RZQ_155",94.57906932,380.2035546,24.85565979,27.02533708,-10.18223822,13.19783843,1,1,1
"y1_d047_MHY_RZQ_126",86.10117813,250.9299604,25.13640795,25.15120611,9.84929053,15.74341862,1,1,1
"y1_d047_MHY_RZQ_180",82.70987503,253.8986297,24.70383147,27.6543789,13.91042859,13.35111984,1,1,1
"y1_d048_MHY_RZQ_17",65.61371649,264.7767378,25.78502443,26.25033565,14.1453889,8.480503095,1,1,1
"y1_d073_PHS_RZQ_138",42.43945572,323.5143017,23.49118603,24.37932287,2.131698201,17.91215403,1,1,1
"y1_d075_PHS_RZQ_288",96.06999322,291.7162031,25.33836165,26.9707147,7.552404106,6.782537081,1,1,1
"y1_d079_PVJ_RZQ_137",87.89590175,242.2535975,22.26316668,25.44939966,18.48215638,4.531679883,1,1,1
"y1_d080_PVJ_RZQ_202",72.20441637,252.1525299,24.8037574,27.69228408,14.11437059,9.588075674,1,1,1
"y1_d081_PVJ_RZQ_25",105.2494138,261.4106507,27.31699753,28.5314169,16.62701485,10.73712806,1,1,1
"y1_d081_PVJ_RZQ_208",119.7407197,304.3910689,23.08411427,25.41311067,5.318647518,21.62840435,1,1,1
"y2_d093_QZE_RZQ_100",77.76693898,285.9053331,24.04116144,27.48406878,-2.325605033,0.981305819,1,1,1
"y2_d094_QZE_RZQ_135",119.8764245,284.3242361,17.44234394,29.47012569,-3.421454369,24.78824843,1,1,1
"y2_d094_QZE_RZQ_142",86.45249087,248.3072863,24.6403793,28.54079791,17.62685975,3.843206055,1,1,1
"y2_d094_QZE_RZQ_175",87.19394621,300.2234678,26.79502848,26.79502848,11.44591586,9.630862471,1,1,1
"y2_d094_QZE_RZQ_333",73.04745278,216.5176535,24.10878618,26.50195062,14.76136751,12.56310484,1,1,1
"y2_d094_QZE_RZQ_341",85.97439653,243.5209434,27.5989131,29.14866407,17.91009209,5.750359604,1,1,1
"y2_d095_QZE_RZQ_97",104.9203033,262.6486277,26.53569115,28.58952999,1.648605675,5.33751063,1,1,1
"y2_d095_QZE_RZQ_143",94.54319161,243.775218,23.66733771,25.51168352,14.4480156,7.124266111,1,1,1
"y2_d096_QZE_RZQ_221",91.64862199,238.3349504,25.38725826,26.71044799,15.40251744,5.891219127,1,1,1
"y2_d068_RDO_RZQ_205",94.13310163,259.8142857,24.80739254,26.79151323,10.42091211,8.864498171,1,1,1
"y2_d069_RDO_RZQ_137",49.82262355,212.2748821,23.50099928,27.02234732,18.02502801,7.423247252,1,1,1
"y2_d070_RDO_RZQ_14",92.36863669,230.1525706,24.907584,29.56281038,15.75850826,11.33846285,1,1,1
"y2_d070_RDO_RZQ_115",93.80728296,236.6846004,27.70462003,29.88133928,16.90851933,6.16417342,1,1,1
"y2_d008_TSZ_RZQ_95",98.39663248,243.1487281,25.02750104,29.39268503,18.57786315,2.681232216,1,1,1
"y2_d008_TSZ_RZQ_111",73.87026818,248.8318025,23.78864317,28.46580601,9.78051947,18.56343901,1,1,1
"y2_d008_TSZ_RZQ_257",77.1374047,286.4824715,22.78405572,26.43291512,-9.98828829,3.144273639,1,1,1
"y2_d008_TSZ_RZQ_270",70.47785134,323.1641006,22.53062482,26.97919977,1.611543684,6.991273872,1,1,1
"y2_d009_TSZ_RZQ_94",33.6989113,366.3607184,20.14129912,23.4406171,-6.302731157,7.761188597,1,1,1
"y2_d009_TSZ_RZQ_137",94.38582303,269.4547174,26.72008983,28.35980938,20.12490563,5.88804229,1,1,1
"y2_d009_TSZ_RZQ_181",88.25327627,237.6404713,27.97844099,29.71720497,17.87860624,8.578826685,1,1,1
"y2_d009_TSZ_RZQ_250",39.73539464,249.1702583,21.01943945,25.57335747,-6.871180791,8.959893,1,1,1
"y2_d010_TSZ_RZQ_32",92.88130495,283.7098195,25.56373936,26.7481803,-10.65424746,17.82340637,1,1,1
"y2_d010_TSZ_RZQ_35",65.55178949,274.2754809,21.9945601,28.36971188,5.327267605,16.3794896,1,1,1
"y1_d065_UEX_RZQ_186",93.65855215,255.0964233,24.89693099,28.35008303,4.95825449,11.2904948,1,1,1
"y1_d067_UEX_RZQ_64",83.46863567,234.85445,28.49032505,29.30933964,15.11541994,4.545303934,1,1,1
"y2_d038_UKI_RZQ_277",93.29223458,292.919114,27.45049,27.45070293,4.254794485,10.89278348,1,1,1
"y1_d094_WNA_RZQ_68",77.32451868,316.5081249,23.33932177,27.94353381,-8.008948,16.37336301,1,1,1
"y1_d094_WNA_RZQ_295",46.42584387,325.6906151,19.73771441,24.39610631,-6.508905236,11.42070994,1,1,1
"y1_d096_WNA_RZQ_57",71.50941725,268.1726007,22.5781258,24.71074461,2.968400634,6.245516132,1,1,1
"y1_d096_WNA_RZQ_270",70.36998965,296.5747135,22.84927802,28.11249837,-6.018072914,15.66190451,1,1,1
"y2_d071_XFE_RZQ_30",61.21095493,298.9791816,21.87958724,23.54684607,4.083934019,2.468940723,1,1,1
"y2_d071_XFE_RZQ_35",58.50916158,265.5438791,22.94974613,25.12136775,1.685916495,2.087653605,1,1,1
"y2_d072_XFE_RZQ_279",78.19694395,235.0140501,24.62400604,28.06653421,20.05678972,1.302492318,1,1,1
"y2_d073_XFE_RZQ_46",68.83876728,372.8563393,21.57346272,27.23205628,-0.389949593,2.083784297,1,1,1
"y2_d073_XFE_RZQ_215",96.02824267,232.6771186,20.42635032,25.10626154,18.42162852,7.424929532,0.2,0,0
"y2_d039_XLB_RZQ_159",97.74378781,236.3543337,26.4412734,28.44333248,21.88416352,8.622412746,0.4,0,0
"y2_d040_XLB_RZQ_121",56.49748009,322.108138,25.23196431,25.53716589,-1.703515463,4.767939604,1,1,1
"y2_d040_XLB_RZQ_263",88.19400443,305.6796401,20.78435893,26.92582608,-4.509509972,18.78096812,1,1,1
"y2_d041_XLB_RZQ_135",86.20064623,378.038031,20.47574656,22.6913037,-13.62591703,6.6189368,1,1,1
"y1_d083_YJD_RZQ_204",83.53025977,253.1015849,27.00301,27.19750319,8.406189832,17.80783066,1,1,1
"y1_d084_YJD_RZQ_140",102.4468095,287.440826,25.83871445,28.79446575,14.25585658,5.759305553,1,1,1
"y1_d084_YJD_RZQ_166",48.7371907,201.6571649,25.55460361,27.9211426,10.82103683,8.919996696,1,1,1
"y1_d085_YJD_RZQ_87",96.31232828,229.0533638,25.61431138,26.87483715,18.90440365,8.146266894,0,0,0
"y1_d085_YJD_RZQ_128",94.93149576,221.0889342,26.23560174,28.73788703,21.55359856,0.683192042,0.7,1,0
"y1_d085_YJD_RZQ_130",87.63247828,269.8820868,23.18068626,28.91857327,-4.836542142,11.57140101,1,1,1
"y2_d080_YJD_RZQ_149",86.74273472,280.0266205,26.3138023,26.85820311,-6.643835447,17.68876105,1,1,1
"y2_d080_YJD_RZQ_259",61.52729721,389.3670452,22.69914413,28.62351712,-14.24357745,6.23142863,1,1,1
"y2_d080_YJD_RZQ_333",93.40353705,273.5834943,22.76410726,27.08712496,6.100329893,5.826511024,1,1,1
"y2_d028_YUH_RZQ_42",80.46684038,279.8515527,24.91095884,27.27540275,2.493233626,17.65119071,1,1,1
"y1_d022_AKX_YJD_12",18.84091705,197.3827022,20.19820791,26.62425762,18.91866516,1.425124618,1,1,1
"y1_d022_AKX_YJD_199",47.51434074,391.4117042,23.78707022,27.17429347,-11.96057811,5.63431762,1,1,1
"y1_d023_AKX_YJD_40",79.87981819,285.0766567,23.56671717,25.54705179,0.230737864,12.52391397,1,1,1
"y1_d023_AKX_YJD_56",82.1002808,267.735007,24.34753069,27.13450816,1.407320188,4.212576052,1,1,1
"y2_d024_ALA_YJD_152",80.34211848,227.7245355,29.80820742,31.31259301,21.638648,0.971970209,1,1,1
"y1_d034_AVV_YJD_131",85.19415372,246.1007542,25.18442723,26.59320949,24.01897179,0.379471021,0.1,0,0
"y1_d035_AVV_YJD_293",84.51360037,244.0696102,27.05592316,30.29496578,16.39042371,11.34804906,1,1,1
"y1_d028_CMS_YJD_199",96.48758103,239.8080672,27.94841806,29.18564784,15.81916637,7.753015997,1,1,1
"y1_d029_CMS_YJD_121",81.39825794,277.4613671,25.29320379,26.88912564,11.12231826,18.15360227,1,1,1
"y1_d030_CMS_YJD_86",66.49888275,268.5277075,24.21459691,28.42949402,5.239458332,10.43407165,1,1,1
"y1_d086_DYE_YJD_105",77.91811503,239.4603473,25.33070015,29.16811006,13.02509982,5.708690811,1,1,1
"y1_d086_DYE_YJD_168",92.27689568,254.3603221,27.27048187,29.25753999,19.1318714,5.930644355,1,1,1
"y1_d086_DYE_YJD_236",99.63581707,242.1730196,26.03045284,28.84444194,12.66768166,13.07338804,1,1,1
"y2_d072_DYE_YJD_45",87.45353934,252.1818069,24.81899802,29.76458932,20.72196545,13.34172257,1,1,1
"y2_d072_DYE_YJD_213",108.1619627,272.6011928,25.3056547,31.7894854,13.33486414,12.59049477,1,1,1
"y2_d064_ESW_YJD_99",84.70427613,307.5850348,23.10846191,25.91700286,-12.54101476,12.02348722,1,1,1
"y2_d064_ESW_YJD_207",85.09403794,227.3831528,23.94284324,27.51903959,22.12866867,0.899545372,1,1,1
"y2_d065_ESW_YJD_42",93.70740381,231.8114761,28.86605628,29.04245276,19.73551551,2.432868859,1,1,1
"y2_d065_ESW_YJD_104",79.59613422,319.3644945,26.83342711,30.26843523,-5.886808962,15.09564861,1,1,1
"y2_d065_ESW_YJD_255",82.7045733,251.9593836,26.76097791,28.60969548,17.19032152,3.773146543,1,1,1
"y2_d067_ESW_YJD_168",30.40515461,264.9734347,23.83244094,25.08608115,9.768511064,9.477321847,1,1,1
"y1_d076_GAX_YJD_90",82.49125115,316.1452063,25.46219417,26.00751687,-5.06281202,17.46075964,1,1,1
"y1_d077_GAX_YJD_169",62.34496638,225.4484995,21.91107778,27.30377551,16.7897121,8.489504082,1,1,1
"y1_d010_GEA_YJD_142",111.9282901,266.0219762,23.86918923,29.14066673,7.596659881,4.063226615,0.4,0,0
"y1_d010_GEA_YJD_274",82.27247098,324.6564034,25.68723759,27.27807284,-17.86131626,11.19650865,1,1,1
"y1_d011_GEA_YJD_32",30.67234537,248.3231965,25.36693574,26.39643222,2.231359329,1.141393545,1,1,1
"y1_d011_GEA_YJD_83",83.65344745,229.5390597,23.33884936,30.03700963,21.83297303,2.4353247,1,1,1
"y2_d002_GHD_YJD_49",104.0028326,321.1178058,22.75612533,26.09114566,-1.63119395,5.862662492,1,1,1
"y2_d003_GHD_YJD_11",25.74827206,285.3126572,20.36621818,27.33354293,3.412704353,9.273783994,1,1,1
"y2_d003_GHD_YJD_152",86.70549592,310.2438217,24.93216451,27.43967489,-11.49757527,15.99489958,1,1,1
"y2_d004_GHD_YJD_189",118.6370912,276.240009,23.16510248,28.45283669,4.479910292,11.6068822,1,1,1
"y2_d004_GHD_YJD_287",75.8378203,287.1783411,20.43115485,22.43730987,5.645657446,10.25584983,1,1,1
"y1_d064_IAQ_YJD_214",84.03619441,249.3927599,25.2110716,27.82234981,18.03852987,2.727015639,1,1,1
"y1_d064_IAQ_YJD_248",60.00944127,376.1103755,24.36419482,24.45998671,-8.687637946,8.103871181,1,1,1
"y1_d065_IAQ_YJD_92",101.8475865,237.1881456,29.04530654,29.04548421,22.00201645,6.271678449,1,1,1
"y1_d066_IAQ_YJD_175",49.44305462,315.420881,25.2265239,28.26127317,3.443537496,13.54173088,1,1,1
"y1_d066_IAQ_YJD_219",94.38976934,295.3625945,25.8097596,26.53514652,6.624885932,10.27358086,1,1,1
"y1_d066_IAQ_YJD_264",83.93571911,224.1182821,24.83008837,28.37688536,20.05746606,0.259690145,1,1,1
"y1_d067_IAQ_YJD_79",73.99071352,239.6130184,24.19383847,27.39169718,14.28128139,12.32546469,1,1,1
"y2_d045_IHI_YJD_22",42.25199485,222.0013129,24.64039806,26.24070831,13.49744968,8.471499691,1,1,1
"y2_d045_IHI_YJD_180",104.091407,284.4451822,25.94846662,27.65926092,22.63321409,5.723364308,1,1,1
"y2_d045_IHI_YJD_212",80.88508767,229.5860632,23.44755,28.70202536,22.61824769,2.639664045,1,1,1
"y1_d019_JFU_YJD_206",65.40758574,307.6098735,24.93150555,25.60696056,-1.985268803,19.63217626,1,1,1
"y1_d019_JFU_YJD_209",70.2026247,252.5118118,23.15879379,25.96910702,14.94507245,0.890036829,1,1,1
"y1_d020_JFU_YJD_217",7.734867554,347.4667388,24.34307106,27.57910524,4.864218098,1.961912285,1,1,1
"y1_d021_JFU_YJD_20",94.36253301,358.0666223,20.71453724,23.70041931,-5.537200229,16.76532031,1,1,1
"y1_d021_JFU_YJD_122",93.61617347,257.1310777,26.8696258,30.14628255,18.91390529,6.970642199,1,1,1
"y1_d021_JFU_YJD_171",109.7134004,268.3432063,23.4330148,27.74653432,23.82339212,3.305218825,1,1,1
"y1_d005_JJS_YJD_122",81.49008325,353.3650362,20.80528414,21.70615042,-8.473922516,5.513226562,1,1,1
"y1_d005_JJS_YJD_125",83.63382603,326.9046132,26.27675404,27.36695948,-5.715970986,17.81331592,1,1,1
"y1_d006_JJS_YJD_51",73.33901123,270.1582253,23.7275958,28.85709119,8.138996032,7.155729155,1,1,1
"y1_d006_JJS_YJD_58",45.20780455,283.6213639,21.41302496,30.7661979,7.820951747,8.926661706,1,1,1
"y2_d009_JMJ_YJD_147",33.83201881,289.4352084,27.18572973,27.9396445,-0.261521321,11.25756492,1,1,1
"y2_d009_JMJ_YJD_151",59.48894136,221.6751484,26.85906702,28.84505217,19.24059447,2.197826547,1,1,1
"y2_d032_KNB_YJD_66",67.80797569,260.0396089,22.44848146,25.17006753,11.23904591,14.00118865,1,1,1
"y2_d032_KNB_YJD_140",21.29915708,256.1287304,17.53037596,17.58710355,7.296055785,3.539926759,1,1,1
"y2_d032_KNB_YJD_146",52.98800722,278.9876592,24.15041601,28.2795974,12.6045289,2.642248236,1,1,1
"y2_d032_KNB_YJD_212",93.46263684,359.0797387,17.51629335,23.42753223,-0.820389358,0.340857313,1,1,1
"y2_d032_KNB_YJD_223",63.10235545,267.8755795,23.79104999,28.17726705,8.5857044,8.022245121,1,1,1
"y2_d033_KNB_YJD_21",30.96831717,344.4317675,24.88421231,25.7021054,-0.640738353,14.87748637,1,1,1
"y2_d033_KNB_YJD_205",32.05674079,359.702015,22.94126611,26.38968063,-14.12904865,12.68802872,1,1,1
"y2_d033_KNB_YJD_207",77.46253411,339.5117289,25.1494472,29.26072804,-18.50026609,19.12416993,1,1,1
"y2_d034_KNB_YJD_29",111.9788014,258.7153126,23.34651908,26.96622611,18.4911914,11.68967446,1,1,1
"y2_d034_KNB_YJD_83",94.79589547,217.0831102,27.27148079,29.50971344,15.14771345,3.612051747,0,0,0
"y1_d094_KQQ_YJD_118",98.93162127,297.3392858,25.56305137,28.52982667,5.251791455,5.654312976,1,1,1
"y1_d094_KQQ_YJD_130",76.55690998,228.0476414,23.80751495,25.8035307,17.55873392,2.191686643,1,1,1
"y1_d094_KQQ_YJD_307",82.64434767,279.0682896,24.06083815,29.20395376,6.414337013,15.0067411,1,1,1
"y1_d095_KQQ_YJD_15",107.2790159,286.6983775,24.40039601,27.34033273,3.041451697,18.70684036,1,1,1
"y1_d095_KQQ_YJD_18",105.3473209,260.921846,23.19233416,28.04145114,15.23123058,15.71543059,0.1,0,0
"y1_d095_KQQ_YJD_100",22.94911058,372.3000385,23.37794684,27.08016141,-5.791173049,7.966118184,1,1,1
"y1_d096_KQQ_YJD_106",79.02070793,253.0902853,25.17757928,28.87818492,21.46112388,0.415651076,1,1,1
"y1_d096_KQQ_YJD_128",80.80247167,325.3846346,19.21068145,20.7894536,-12.55656173,2.215157851,1,1,1
"y2_d084_LFS_YJD_72",108.0482446,312.2038269,25.69236258,27.482847,-2.585939316,23.64184809,1,1,1
"y2_d084_LFS_YJD_323",75.23865822,267.7963807,24.57151066,25.73137019,10.24095338,11.52326614,1,1,1
"y2_d084_LFS_YJD_350",31.31067337,242.954849,25.50157114,26.05292816,-0.340356224,8.088126423,1,1,1
"y2_d086_LFS_YJD_16",110.2813917,292.9699682,24.50575649,27.1327357,11.93826081,16.84590195,0.5,0,0
"y2_d086_LFS_YJD_93",67.35377229,295.4637376,26.75066528,28.04723907,7.081606472,4.919617374,1,1,1
"y1_d097_MRJ_YJD_129",41.83400345,306.4324845,21.87090794,27.47912687,5.918655475,8.902454943,1,1,1
"y1_d098_MRJ_YJD_82",94.49719981,293.997809,26.85978807,29.06491684,6.940487629,22.0447721,1,1,1
"y1_d098_MRJ_YJD_183",64.0537813,213.6243918,26.07902827,30.01695074,16.53316431,3.446702736,1,1,1
"y1_d099_MRJ_YJD_121",111.5308549,278.0234226,25.46342811,27.33579574,14.89824637,8.642188855,1,1,1
"y1_d099_MRJ_YJD_131",71.24976611,243.3275842,21.61886806,24.9241878,7.781873766,14.96893436,1,1,1
"y1_d100_MRJ_YJD_98",69.76790386,341.5844548,21.18009118,25.82215792,-13.56626671,16.02533691,1,1,1
"y2_d005_NSO_YJD_283",85.26877786,242.5120337,26.60754367,28.39070747,9.895756257,7.591860479,1,1,1
"y2_d006_NSO_YJD_89",86.19615279,256.7893719,27.17280557,30.13584454,23.24338617,3.78700728,1,1,1
"y2_d091_NYA_YJD_47",84.2250842,207.4501301,24.71759025,26.14829029,12.27109919,21.70155119,1,1,1
"y2_d092_NYA_YJD_260",83.7718165,237.3401606,27.67729471,28.55647158,24.5640098,4.752780327,1,1,1
"y2_d058_POW_YJD_74",84.08126712,279.3089708,22.92352077,28.84611968,8.618053954,16.88601417,1,1,1
"y2_d058_POW_YJD_84",53.68294158,326.0531775,24.85104244,27.87989511,8.202785789,4.670063663,1,1,1
"y2_d058_POW_YJD_85",67.76553425,305.6590342,26.12325343,27.00074504,4.385351938,12.21706351,1,1,1
"y2_d058_POW_YJD_273",103.2170933,274.0987717,30.57964529,30.57964529,16.06589831,4.382044571,0.9,1,0
"y2_d052_PTB_YJD_28",60.8659597,274.5928621,24.14046416,24.62008315,6.415336753,6.388697954,1,1,1
"y2_d052_PTB_YJD_52",48.74358351,230.1695593,28.49707232,30.96595626,9.937797167,7.390033117,1,1,1
"y2_d054_PTB_YJD_185",20.55378156,384.0024973,22.18355823,24.92499321,-2.718800512,1.156831818,1,1,1
"y2_d012_RQJ_YJD_205",109.475217,278.1551224,25.93269023,28.66796851,15.55235921,5.943797754,0.2,0,0
"y2_d013_RQJ_YJD_44",50.82994268,374.0075651,22.73499801,24.18520876,-2.825072754,0.371648237,1,1,1
"y2_d013_RQJ_YJD_257",105.6213847,360.561397,24.60996387,24.87292723,-7.279406912,0.219219647,1,1,1
"y2_d013_RQJ_YJD_292",92.36972518,272.5361889,28.21445518,29.11827108,17.81947679,6.240671919,1,1,1
"y2_d042_RZQ_YJD_70",33.88086922,264.7566472,20.20666012,26.43802487,-6.978944898,2.381781751,1,1,1
"y2_d043_RZQ_YJD_72",83.02678307,248.9802813,24.80438188,28.03744715,16.04639761,10.68915433,1,1,1
"y2_d043_RZQ_YJD_236",84.55928016,246.0155375,22.13965087,25.74792405,16.97538651,7.071810031,1,1,1
"y2_d044_RZQ_YJD_153",93.43646804,324.8065633,25.55927876,30.09480079,-15.41418544,12.09115447,1,1,1
"y2_d014_TEQ_YJD_37",67.14725369,279.599741,20.97175516,30.47730013,1.4673038,13.4784313,1,1,1
"y2_d014_TEQ_YJD_69",53.59152252,306.6536228,23.94284739,24.4560311,-2.418979362,17.82593525,1,1,1
"y2_d014_TEQ_YJD_112",30.22044368,189.700303,27.49748835,28.20846698,9.525687943,1.393831387,1,1,1
"y2_d016_TEQ_YJD_268",10.60664584,370.5500842,16.77565849,27.23893225,-2.450489556,0.716846041,1,1,1
"y1_d040_TKJ_YJD_126",97.65847084,298.8665891,23.35417712,25.30677357,6.097207232,16.94024008,1,1,1
"y1_d041_TKJ_YJD_59",114.4575866,314.3322453,25.34866943,31.59263655,-8.605425325,0.074217909,1,1,1
"y1_d041_TKJ_YJD_219",71.79888554,239.9426357,30.70004645,30.70626734,13.83311453,9.674253504,1,1,1
"y1_d041_TKJ_YJD_300",52.00243518,303.5616521,21.05693301,24.03494005,-4.145817497,13.73028884,1,1,1
"y1_d042_TKJ_YJD_116",108.6795366,263.1739975,25.65124343,28.8828535,16.12943272,3.751850198,1,1,1
"y1_d042_TKJ_YJD_117",86.07070469,314.9903775,25.58881976,28.52983612,-12.25093159,21.64234889,1,1,1
"y1_d042_TKJ_YJD_318",50.13879183,247.4984614,24.65892682,30.17713576,12.2866589,9.905502247,1,1,1
"y1_d048_UPU_YJD_74",47.85005116,329.1039983,22.72266325,25.57436338,-13.0566949,2.297288702,1,1,1
"y1_d049_UPU_YJD_74",103.6372312,286.96971,23.53520865,27.04768187,-3.507739075,13.35652321,1,1,1
"y1_d049_UPU_YJD_170",77.55744221,255.4352914,27.27414775,27.53503501,11.81532777,8.043326334,1,1,1
"y1_d050_UPU_YJD_45",64.52963985,318.6143474,22.58723366,25.26562265,-0.231897727,2.437526911,1,1,1
"y1_d050_UPU_YJD_46",101.5069924,262.6122419,25.52158847,27.03438646,11.91053359,9.023520373,1,1,1
"y1_d051_UPU_YJD_76",92.88623221,242.4628324,24.91938757,27.90522179,15.02027573,2.128460112,0.6,1,0
"y1_d051_UPU_YJD_197",85.2020322,262.4148783,26.52313796,28.15696793,18.67453686,0.706580893,1,1,1
"y1_d051_UPU_YJD_207",79.82662477,278.9854381,23.86828781,25.42332756,9.404443454,11.5459114,1,1,1
"y1_d051_UPU_YJD_242",77.95232136,271.8951942,26.67826762,27.82881256,17.11740198,3.592877701,1,1,1
"y1_d051_UPU_YJD_322",38.40793773,212.4379151,25.6360768,26.96590811,13.54872501,2.825209545,1,1,1
"y1_d074_UWE_YJD_106",77.13683934,215.9084476,24.20816354,27.46740104,21.02360622,1.383173547,1,1,1
"y1_d047_VHS_YJD_124",72.92021389,252.504359,26.09681636,29.56660897,16.40956175,4.48312891,1,1,1
"y1_d047_VHS_YJD_171",96.55050469,272.1000648,24.96542045,31.35843608,15.04514948,7.406955341,1,1,1
"y2_d026_VMN_YJD_127",65.30874256,237.2397257,24.99078052,26.78514359,21.61563738,2.63629644,1,1,1
"y2_d028_VMN_YJD_52",87.26719369,246.5472381,24.58421668,28.92315628,12.28103563,3.787203981,1,1,1
"y2_d074_VZE_YJD_38",84.64614348,291.6125539,27.00056699,29.71456667,-1.889749872,13.42287612,1,1,1
"y2_d075_VZE_YJD_225",107.0082612,244.6294106,22.52043676,26.96506514,19.57420542,0.661862997,1,1,1
"y2_d075_VZE_YJD_244",45.80086191,321.9871665,24.14603252,27.84035807,-1.186932599,4.521399399,1,1,1
"y2_d082_WMI_YJD_151",64.77144762,258.8871486,23.90585849,26.34112238,10.70435823,9.300129948,1,1,1
"y2_d082_WMI_YJD_164",83.37026982,268.1416539,26.66626501,28.98832743,8.171370416,13.90868984,1,1,1
"y2_d083_WMI_YJD_79",75.03801759,268.5453334,25.26872392,27.48187006,21.7275058,7.628775998,1,1,1
"y2_d083_WMI_YJD_80",70.08621805,263.6751344,23.92191959,27.6603228,3.485015582,11.15515976,1,1,1
"y2_d083_WMI_YJD_231",74.08482899,212.2432165,8.780851608,26.1777089,1.723263961,2.936188121,0.9,1,0
"y2_d083_WMI_YJD_257",93.76514189,341.3148451,25.86884712,29.0234792,-14.34514174,10.92503071,1,1,1
"y2_d083_WMI_YJD_299",107.2555244,245.8479957,26.11404244,27.6637101,17.20101931,3.490223597,0.4,0,0
"y1_d057_WZR_YJD_159",81.27561788,228.85481,25.45909415,28.16250301,22.22362172,1.452436884,1,1,1
"y1_d057_WZR_YJD_195",80.49517753,243.5038254,28.75781924,28.75781924,15.43910403,16.38660808,1,1,1
"y1_d058_WZR_YJD_174",69.94046088,236.6884156,25.70886506,28.97694512,19.25576508,9.37592622,1,1,1
"y1_d058_WZR_YJD_268",82.05661568,245.195456,25.7923632,28.19095955,19.59299381,11.38197822,1,1,1
"y1_d058_WZR_YJD_311",78.88966473,247.8697134,25.46574231,27.21036913,19.08990732,2.178752379,1,1,1
"y1_d058_WZR_YJD_330",78.16680342,236.4096587,25.10403628,28.82387443,16.30272171,2.891281069,1,1,1
